{
    "loss": 0.2634344696998596,
    "accuracy": 0.8947368264198303
}