{
    "loss": 0.39358624815940857,
    "accuracy": 0.7894737124443054
}