{
    "loss": 0.3121044635772705,
    "accuracy": 0.9210526347160339
}